{"format": "layers-model", "generatedBy": "keras v3.8.0", "convertedBy": "TensorFlow.js Converter v4.22.0", "modelTopology": {"keras_version": "3.8.0", "backend": "tensorflow", "model_config": {"class_name": "Functional", "config": {"name": "sequential_2", "trainable": true, "layers": [{"class_name": "InputLayer", "config": {"batch_shape": [null, 28, 28, 1], "dtype": "float32", "sparse": false, "name": "input_layer_1"}, "name": "input_layer_1", "inbound_nodes": []}, {"class_name": "Conv2D", "config": {"name": "conv2d_4", "trainable": true, "dtype": {"module": "keras", "class_name": "DTypePolicy", "config": {"name": "float32"}, "registered_name": null}, "filters": 32, "kernel_size": [3, 3], "strides": [1, 1], "padding": "valid", "data_format": "channels_last", "dilation_rate": [1, 1], "groups": 1, "activation": "relu", "use_bias": true, "kernel_initializer": {"module": "keras.initializers", "class_name": "GlorotUniform", "config": {"seed": null}, "registered_name": null}, "bias_initializer": {"module": "keras.initializers", "class_name": "Zeros", "config": {}, "registered_name": null}, "kernel_regularizer": null, "bias_regularizer": null, "activity_regularizer": null, "kernel_constraint": null, "bias_constraint": null}, "name": "conv2d_4", "inbound_nodes": [{"args": [{"class_name": "__keras_tensor__", "config": {"shape": [null, 28, 28, 1], "dtype": "float32", "keras_history": ["input_layer_1", 0, 0]}}], "kwargs": {}}]}, {"class_name": "MaxPooling2D", "config": {"name": "max_pooling2d_4", "trainable": true, "dtype": {"module": "keras", "class_name": "DTypePolicy", "config": {"name": "float32"}, "registered_name": null}, "pool_size": [2, 2], "padding": "valid", "strides": [2, 2], "data_format": "channels_last"}, "name": "max_pooling2d_4", "inbound_nodes": [{"args": [{"class_name": "__keras_tensor__", "config": {"shape": [null, 26, 26, 32], "dtype": "float32", "keras_history": ["conv2d_4", 0, 0]}}], "kwargs": {}}]}, {"class_name": "Conv2D", "config": {"name": "conv2d_5", "trainable": true, "dtype": {"module": "keras", "class_name": "DTypePolicy", "config": {"name": "float32"}, "registered_name": null}, "filters": 64, "kernel_size": [3, 3], "strides": [1, 1], "padding": "valid", "data_format": "channels_last", "dilation_rate": [1, 1], "groups": 1, "activation": "relu", "use_bias": true, "kernel_initializer": {"module": "keras.initializers", "class_name": "GlorotUniform", "config": {"seed": null}, "registered_name": null}, "bias_initializer": {"module": "keras.initializers", "class_name": "Zeros", "config": {}, "registered_name": null}, "kernel_regularizer": null, "bias_regularizer": null, "activity_regularizer": null, "kernel_constraint": null, "bias_constraint": null}, "name": "conv2d_5", "inbound_nodes": [{"args": [{"class_name": "__keras_tensor__", "config": {"shape": [null, 13, 13, 32], "dtype": "float32", "keras_history": ["max_pooling2d_4", 0, 0]}}], "kwargs": {}}]}, {"class_name": "MaxPooling2D", "config": {"name": "max_pooling2d_5", "trainable": true, "dtype": {"module": "keras", "class_name": "DTypePolicy", "config": {"name": "float32"}, "registered_name": null}, "pool_size": [2, 2], "padding": "valid", "strides": [2, 2], "data_format": "channels_last"}, "name": "max_pooling2d_5", "inbound_nodes": [{"args": [{"class_name": "__keras_tensor__", "config": {"shape": [null, 11, 11, 64], "dtype": "float32", "keras_history": ["conv2d_5", 0, 0]}}], "kwargs": {}}]}, {"class_name": "Flatten", "config": {"name": "flatten_2", "trainable": true, "dtype": {"module": "keras", "class_name": "DTypePolicy", "config": {"name": "float32"}, "registered_name": null}, "data_format": "channels_last"}, "name": "flatten_2", "inbound_nodes": [{"args": [{"class_name": "__keras_tensor__", "config": {"shape": [null, 5, 5, 64], "dtype": "float32", "keras_history": ["max_pooling2d_5", 0, 0]}}], "kwargs": {}}]}, {"class_name": "Dense", "config": {"name": "dense_4", "trainable": true, "dtype": {"module": "keras", "class_name": "DTypePolicy", "config": {"name": "float32"}, "registered_name": null}, "units": 128, "activation": "relu", "use_bias": true, "kernel_initializer": {"module": "keras.initializers", "class_name": "GlorotUniform", "config": {"seed": null}, "registered_name": null}, "bias_initializer": {"module": "keras.initializers", "class_name": "Zeros", "config": {}, "registered_name": null}, "kernel_regularizer": null, "bias_regularizer": null, "kernel_constraint": null, "bias_constraint": null}, "name": "dense_4", "inbound_nodes": [{"args": [{"class_name": "__keras_tensor__", "config": {"shape": [null, 1600], "dtype": "float32", "keras_history": ["flatten_2", 0, 0]}}], "kwargs": {}}]}, {"class_name": "Dense", "config": {"name": "dense_5", "trainable": true, "dtype": {"module": "keras", "class_name": "DTypePolicy", "config": {"name": "float32"}, "registered_name": null}, "units": 10, "activation": "softmax", "use_bias": true, "kernel_initializer": {"module": "keras.initializers", "class_name": "GlorotUniform", "config": {"seed": null}, "registered_name": null}, "bias_initializer": {"module": "keras.initializers", "class_name": "Zeros", "config": {}, "registered_name": null}, "kernel_regularizer": null, "bias_regularizer": null, "kernel_constraint": null, "bias_constraint": null}, "name": "dense_5", "inbound_nodes": [{"args": [{"class_name": "__keras_tensor__", "config": {"shape": [null, 128], "dtype": "float32", "keras_history": ["dense_4", 0, 0]}}], "kwargs": {}}]}], "input_layers": [["input_layer_1", 0, 0]], "output_layers": [["dense_5", 0, 0]]}}, "training_config": {"loss": "categorical_crossentropy", "loss_weights": null, "metrics": ["accuracy"], "weighted_metrics": null, "run_eagerly": false, "steps_per_execution": 1, "jit_compile": true, "optimizer_config": {"class_name": "Adam", "config": {"name": "adam", "learning_rate": 0.0010000000474974513, "weight_decay": null, "clipnorm": null, "global_clipnorm": null, "clipvalue": null, "use_ema": false, "ema_momentum": 0.99, "ema_overwrite_frequency": null, "loss_scale_factor": null, "gradient_accumulation_steps": null, "beta_1": 0.9, "beta_2": 0.999, "epsilon": 1e-07, "amsgrad": false}}}}, "weightsManifest": [{"paths": ["group1-shard1of1.bin"], "weights": [{"name": "conv2d_4/kernel", "shape": [3, 3, 1, 32], "dtype": "float32"}, {"name": "conv2d_4/bias", "shape": [32], "dtype": "float32"}, {"name": "conv2d_5/kernel", "shape": [3, 3, 32, 64], "dtype": "float32"}, {"name": "conv2d_5/bias", "shape": [64], "dtype": "float32"}, {"name": "dense_4/kernel", "shape": [1600, 128], "dtype": "float32"}, {"name": "dense_4/bias", "shape": [128], "dtype": "float32"}, {"name": "dense_5/kernel", "shape": [128, 10], "dtype": "float32"}, {"name": "dense_5/bias", "shape": [10], "dtype": "float32"}]}]}